指标名称,中国:二手房出售挂牌价指数,中国:二手房出售挂牌量指数
2015-01-05,100.95,70.21
2015-01-12,100.72,67.78
2015-01-19,100.61,64.93
2015-01-26,100.86,61.87
2015-02-02,100.97,56.3
2015-02-09,101.33,43.29
2015-02-16,102.51,14.17
2015-02-23,100.59,48.65
2015-03-02,100.66,64.13
2015-03-09,101.03,66.26
2015-03-16,101.82,76.22
2015-03-23,101.93,74.06
2015-03-30,102.22,82.22
2015-04-06,103.3,87.53
2015-04-13,104.8,116.48
2015-04-20,103.36,95.74
2015-04-27,105.38,123.08
2015-05-04,103.76,96.24
2015-05-11,103.62,90.89
2015-05-18,103.43,94.16
2015-05-25,103.58,87.37
2015-06-01,105.43,122.29
2015-06-08,104.49,106.97
2015-06-15,104.23,96.81
2015-06-22,104.59,94.15
2015-06-29,106.16,122.38
2015-07-06,106.27,121.6
2015-07-13,106.09,118.95
2015-07-20,106.06,118.88
2015-07-27,108.26,158.97
2015-08-03,108.03,148.79
2015-08-10,107.47,127.72
2015-08-17,107.59,115.43
2015-08-24,108.65,145.61
2015-08-31,108.41,146.74
2015-09-07,108.05,147.96
2015-09-14,108.98,171.38
2015-09-21,108.78,162.43
2015-09-28,108.21,144.2
2015-10-05,109.3,145.05
2015-10-12,108.99,167.36
2015-10-19,109.04,156.84
2015-10-26,108.4,158.11
2015-11-02,109.44,178.42
2015-11-09,109.32,153.06
2015-11-16,108.83,159.55
2015-11-23,109.79,172.98
2015-11-30,110.57,182.92
2015-12-07,110.72,167.14
2015-12-14,110.86,173.02
2015-12-21,111.01,168.86
2015-12-28,110.78,197.74
2016-01-04,111.09,170.53
2016-01-11,111.72,169.29
2016-01-18,112.06,159.32
2016-01-25,111.56,143.63
2016-02-01,112.31,137.88
2016-02-08,112.07,106.18
2016-02-15,112.33,174.37
2016-02-22,113.05,186.52
2016-02-29,114.79,239.34
2016-03-07,116.4,265.03
2016-03-14,115.41,195.48
2016-03-21,116.29,222.87
2016-03-28,117.17,223.5
2016-04-04,117.21,276.37
2016-04-11,117.66,246.2
2016-04-18,117.34,216.03
2016-04-25,118.03,193.96
2016-05-02,118.49,197.59
2016-05-09,119.06,247.98
2016-05-16,118.54,250.98
2016-05-23,120.09,192.86
2016-05-30,121.93,167.29
2016-06-06,122.26,149.54
2016-06-13,122.51,149.27
2016-06-20,122.9,148.11
2016-06-27,122.65,158.63
2016-07-04,122.39,169.89
2016-07-11,122.59,176.53
2016-07-18,123.06,151.47
2016-07-25,122.48,140.98
2016-08-01,123.14,109.61
2016-08-08,123.36,149.49
2016-08-15,123.41,156.35
2016-08-22,124.21,152.52
2016-08-29,125.5,168.99
2016-09-05,125.17,160.39
2016-09-12,126.83,129.3
2016-09-19,127.38,156.72
2016-09-26,129.04,153.05
2016-10-03,129.55,156.95
2016-10-10,129.62,171.23
2016-10-17,131.14,146.16
2016-10-24,131.78,130.06
2016-10-31,133.17,147.45
2016-11-07,133.35,170.31
2016-11-14,133.68,170.13
2016-11-21,133.63,142.21
2016-11-28,134.65,165.86
2016-12-05,134.76,160.17
2016-12-12,134.78,164.4
2016-12-19,135.72,135.96
2016-12-26,136.64,127.83
2017-01-02,136.93,127.63
2017-01-09,136.89,116.07
2017-01-16,136.07,144.02
2017-01-23,135.47,41.86
2017-01-30,137.52,73.62
2017-02-06,138.39,170.89
2017-02-13,140.6,169.94
2017-02-20,141.27,198.7
2017-02-27,142.8,215.54
2017-03-06,143.48,217.47
2017-03-13,143.83,226.65
2017-03-20,144.27,223.9
2017-03-27,145.04,210.42
2017-04-03,145.81,221.76
2017-04-10,147.17,172.38
2017-04-17,151.07,135.36
2017-04-24,149.28,158.58
2017-05-01,151.51,162.32
2017-05-08,152.26,184.81
2017-05-15,152.81,157.37
2017-05-22,154.72,172.5
2017-05-29,155.71,200.83
2017-06-05,156.66,185.59
2017-06-12,155.96,168.47
2017-06-19,157.88,183.02
2017-06-26,157.64,173.13
2017-07-03,158.73,176.06
2017-07-10,156.99,177.58
2017-07-17,156.89,195.11
2017-07-24,158.22,172.95
2017-07-31,159.33,202.18
2017-08-07,159.72,183.61
2017-08-14,157.96,220.33
2017-08-21,158.27,211.15
2017-08-28,158.35,253.19
2017-09-04,159.48,248.65
2017-09-11,160.02,227.31
2017-09-18,159.15,246.15
2017-09-25,160.5,203.42
2017-10-02,161.82,123.29
2017-10-09,160.82,234.11
2017-10-16,160.61,267.74
2017-10-23,161.19,234.42
2017-10-30,162.48,240.72
2017-11-06,162.71,223.27
2017-11-13,163.05,227.88
2017-11-20,162.2,232.36
2017-11-27,163.65,246.33
2017-12-04,163.82,252.23
2017-12-11,163.84,223.84
2017-12-18,164.55,204.23
2017-12-25,165.26,166.68
2018-01-01,165.27,221.5
2018-01-08,164.89,172.84
2018-01-15,164.75,165.81
2018-01-22,165.78,142.9
2018-01-29,165.69,151.15
2018-02-05,165.28,113.37
2018-02-12,164.87,86.68
2018-02-19,165.47,106.06
2018-02-26,167.56,158.51
2018-03-05,168.27,163.87
2018-03-12,168.35,147.03
2018-03-19,169.63,144.52
2018-03-26,171.73,210.17
2018-04-02,171.47,234.01
2018-04-09,171.31,262.91
2018-04-16,172.42,209.71
2018-04-23,174.41,223.81
2018-04-30,174.77,288.07
2018-05-07,175.34,268.51
2018-05-14,176.84,239.43
2018-05-21,176.47,208.52
2018-05-28,177.24,255.09
2018-06-04,177.42,235.35
2018-06-11,179.23,168.27
2018-06-18,178.8,157.71
2018-06-25,181.27,181.78
2018-07-02,181.71,241.07
2018-07-09,182.13,214.06
2018-07-16,182.69,165.74
2018-07-23,181.99,211.38
2018-07-30,183.13,285.49
2018-08-06,183.71,249.04
2018-08-13,183.83,235.14
2018-08-20,183.85,220.11
2018-08-27,184.46,258.0
2018-09-03,184.49,304.83
2018-09-10,184.29,234.6
2018-09-17,183.87,183.45
2018-09-24,184.61,192.23
2018-10-01,185.02,258.42
2018-10-08,184.35,263.4
2018-10-15,184.57,198.15
2018-10-22,184.57,155.42
2018-10-29,184.41,223.63
2018-11-05,183.7,225.26
2018-11-12,183.36,186.57
2018-11-19,183.23,221.11
2018-11-26,183.52,191.04
2018-12-03,183.44,213.53
2018-12-10,182.58,224.17
2018-12-17,182.19,200.15
2018-12-24,181.89,176.78
2018-12-31,181.1,247.95
2019-01-07,180.61,233.42
2019-01-14,180.69,186.37
2019-01-21,180.81,139.66
2019-01-28,181.35,117.51
2019-02-04,180.98,86.03
2019-02-11,181.39,223.06
2019-02-18,181.71,201.33
2019-02-25,181.92,230.75
2019-03-04,182.13,200.67
2019-03-11,182.66,185.0
2019-03-18,182.75,183.07
2019-03-25,182.83,157.01
2019-04-01,182.97,211.34
2019-04-08,183.58,171.72
2019-04-15,183.27,191.47
2019-04-22,183.52,154.95
2019-04-29,183.71,211.48
2019-05-06,183.6,238.5
2019-05-13,183.69,187.67
2019-05-20,183.7,176.28
2019-05-27,184.31,218.59
2019-06-03,184.28,232.33
2019-06-10,184.38,197.13
2019-06-17,184.36,177.11
2019-06-24,184.43,177.05
2019-07-01,184.6,272.06
2019-07-08,184.81,179.02
2019-07-15,185.21,138.83
2019-07-22,185.07,138.38
2019-07-29,185.12,182.34
2019-08-05,184.73,214.25
2019-08-12,185.02,185.17
2019-08-19,185.16,145.37
2019-08-26,185.8,212.37
2019-09-02,186.35,182.8
2019-09-09,185.67,119.57
2019-09-16,185.7,128.51
2019-09-23,185.58,130.46
2019-09-30,185.36,156.35
2019-10-07,185.4,139.68
2019-10-14,185.24,138.31
2019-10-21,185.16,140.55
2019-10-28,185.16,172.18
2019-11-04,185.18,180.69
2019-11-11,185.08,164.02
2019-11-18,184.89,144.19
2019-11-25,184.89,131.45
2019-12-02,185.72,139.04
2019-12-09,185.69,114.59
2019-12-16,185.64,100.21
2019-12-23,185.64,90.09
2019-12-30,185.79,128.35
2020-01-06,185.87,122.48
2020-01-13,185.97,116.76
2020-01-20,185.88,73.97
2020-01-27,185.76,56.81
2020-02-03,185.83,71.38
2020-02-10,185.98,74.7
2020-02-17,186.17,83.79
2020-02-24,186.16,111.18
2020-03-02,186.38,131.33
2020-03-09,186.45,132.62
2020-03-16,186.48,136.62
2020-03-23,186.55,140.62
2020-03-30,186.67,137.96
2020-04-06,186.75,141.55
2020-04-13,186.8,141.81
2020-04-20,186.96,134.41
2020-04-27,187.02,139.49
2020-05-04,187.13,143.93
2020-05-11,187.16,165.69
2020-05-18,187.31,157.19
2020-05-25,187.38,154.66
2020-06-01,187.8,172.72
2020-06-08,187.86,169.25
2020-06-15,187.87,165.86
2020-06-22,187.98,150.45
2020-06-29,188.42,167.07
2020-07-06,188.5,155.47
2020-07-13,188.65,162.29
2020-07-20,188.74,160.79
2020-07-27,188.97,141.25
2020-08-03,189.3,158.33
2020-08-10,189.46,145.43
2020-08-17,189.55,144.42
2020-08-24,189.68,139.17
2020-08-31,189.83,180.34
2020-09-07,189.89,154.29
2020-09-14,189.93,150.24
2020-09-21,189.89,143.41
2020-09-28,189.99,137.55
2020-10-05,190.18,139.34
2020-10-12,190.29,141.39
2020-10-19,190.36,137.79
2020-10-26,190.49,129.21
2020-11-02,190.82,141.82
2020-11-09,190.87,138.42
2020-11-16,190.77,141.38
2020-11-23,190.93,127.87
2020-11-30,191.26,137.62
2020-12-07,191.38,136.1
2020-12-14,191.49,119.88
2020-12-21,191.73,96.58
2020-12-28,191.81,74.96
2021-01-04,192.4,106.51
2021-01-11,192.5,101.25
2021-01-18,192.69,83.52
2021-01-25,192.84,77.13
2021-02-01,193.46,39.84
2021-02-08,193.24,15.6
2021-02-15,193.86,32.27
2021-02-22,194.04,58.81
2021-03-01,194.3,68.39
2021-03-08,194.13,73.97
2021-03-15,194.18,74.77
2021-03-22,194.15,76.17
2021-03-29,194.74,76.97
2021-04-05,195.26,82.22
2021-04-12,195.56,81.26
2021-04-19,195.68,78.1
2021-04-26,196.06,74.85
2021-05-03,196.93,75.86
2021-05-10,197.09,76.07
2021-05-17,197.2,71.35
2021-05-24,197.08,77.01
2021-05-31,198.17,82.87
2021-06-07,198.39,80.71
2021-06-14,198.62,76.43
2021-06-21,198.66,78.69
2021-06-28,199.45,76.55
2021-07-05,199.73,77.09
2021-07-12,199.77,74.73
2021-07-19,199.6,73.0
2021-07-26,199.57,70.05
2021-08-02,200.15,72.33
2021-08-09,199.81,82.84
2021-08-16,200.02,83.27
2021-08-23,200.03,81.93
2021-08-30,200.11,77.8
2021-09-06,199.79,84.94
2021-09-13,199.67,75.79
2021-09-20,199.57,64.33
2021-09-27,199.86,12.67
2021-10-04,199.82,4.69
2021-10-11,199.22,60.79
2021-10-18,199.01,54.72
2021-10-25,198.89,62.06
2021-11-01,198.44,63.34
2021-11-08,198.23,57.89
2021-11-15,198.31,64.33
2021-11-22,198.07,61.62
2021-11-29,197.66,61.69
2021-12-06,197.51,62.46
2021-12-13,197.34,65.51
2021-12-20,197.26,64.67
2021-12-27,197.07,67.54
2022-01-03,196.62,62.97
2022-01-10,196.69,54.85
2022-01-17,196.8,44.9
2022-01-24,196.56,28.46
2022-01-31,196.49,13.1
2022-02-07,196.3,70.53
2022-02-14,196.33,72.15
2022-02-21,196.24,73.51
2022-03-07,195.72,73.25
2022-03-14,195.5,56.23
2022-03-21,195.35,45.87
2022-03-28,194.7,53.43
2022-04-04,194.31,49.81
2022-04-11,194.18,53.62
2022-04-18,194.11,53.71
2022-04-25,193.88,52.39
2022-05-02,193.49,53.92
2022-05-09,193.43,54.72
2022-05-16,193.45,53.27
2022-05-23,193.36,51.36
2022-05-30,193.18,44.72
2022-06-06,192.95,53.4
2022-06-13,192.79,51.11
2022-06-20,192.74,50.25
2022-06-27,192.66,48.96
2022-07-04,192.45,46.09
2022-07-11,192.43,44.15
2022-07-18,192.34,43.16
2022-07-25,192.19,43.24
2022-08-01,191.83,44.54
2022-08-08,191.75,44.7
2022-08-15,191.73,41.45
2022-08-22,191.7,44.08
2022-08-29,191.45,44.28
2022-09-05,191.06,42.04
2022-09-12,190.99,47.54
2022-09-19,190.89,45.32
2022-09-26,190.63,45.94
2022-10-03,190.16,41.5
2022-10-10,189.95,44.89
2022-10-17,189.83,43.81
2022-10-24,189.8,42.66
2022-10-31,189.28,39.51
2022-11-07,189.25,36.79
2022-11-14,189.08,34.32
2022-11-21,188.85,29.49
2022-11-28,188.33,30.2
2022-12-05,187.89,32.52
2022-12-12,187.69,25.03
2022-12-19,187.35,17.36
2022-12-26,187.1,23.36
2023-01-02,185.51,37.24
2023-01-09,185.24,33.81
2023-01-16,185.34,16.91
2023-01-23,186.28,21.04
2023-01-30,186.27,60.59
2023-02-06,186.96,67.07
2023-02-13,187.57,67.15
2023-02-20,187.68,43.36
2023-02-27,187.42,55.06
2023-03-06,187.26,51.99
2023-03-13,187.32,51.08
2023-03-20,187.35,48.84
2023-03-27,187.27,53.52
2023-04-03,186.97,46.93
2023-04-10,186.84,46.14
2023-04-17,186.65,43.95
2023-04-24,186.41,42.07
2023-05-01,186.26,38.29
2023-05-08,186.04,43.59
2023-05-15,185.77,39.94
2023-05-22,185.58,38.08
2023-05-29,185.29,37.84
2023-06-05,184.99,39.03
2023-06-12,185.06,35.42
2023-06-19,185.02,31.81
2023-06-26,184.15,38.86
2023-07-03,184.37,33.04
2023-07-10,184.21,34.38
2023-07-17,184.1,34.93
2023-07-24,183.89,32.79
2023-07-31,183.6,34.72
2023-08-07,183.32,35.23
2023-08-14,183.26,34.75
2023-08-21,183.2,33.37
2023-08-28,182.75,39.37
2023-09-04,182.39,41.29
2023-09-11,182.25,43.32
2023-09-18,182.06,41.58
2023-09-25,181.69,35.76
2023-10-02,180.61,37.68
2023-10-09,180.24,42.22
2023-10-16,179.97,44.38
2023-10-23,179.68,39.08
2023-10-30,178.93,45.23
2023-11-06,178.29,44.07
2023-11-13,178.07,44.41
2023-11-20,177.95,44.43
2023-11-27,177.38,42.96
2023-12-04,176.53,45.68
2023-12-11,176.33,42.31
2023-12-18,176.17,36.69
2023-12-25,176.0,36.57
2024-01-01,175.02,38.6
2024-01-08,174.96,36.82
2024-01-15,174.9,35.66
2024-01-22,174.85,32.46
2024-01-29,174.4,27.53
2024-02-05,174.28,12.19
2024-02-12,174.14,21.99
2024-02-19,173.64,51.52
2024-02-26,173.04,56.9
2024-03-04,172.35,57.13
2024-03-11,172.2,54.6
2024-03-18,171.96,52.8
2024-03-25,171.76,49.07
2024-04-01,170.55,39.05
2024-04-08,170.47,42.42
2024-04-15,170.18,40.26
2024-04-22,169.92,39.74
2024-04-29,169.17,33.54
2024-05-06,168.57,41.74
2024-05-13,168.38,36.76
2024-05-20,168.3,43.47
2024-05-27,168.01,44.59
2024-06-03,166.94,45.27
2024-06-10,166.84,45.32
2024-06-17,166.64,44.11
2024-06-24,166.51,47.79
2024-07-01,165.44,49.88
2024-07-08,165.24,47.87
2024-07-15,165.06,47.52
2024-07-22,164.89,49.8
2024-07-29,164.26,48.23
2024-08-05,163.61,47.92
2024-08-12,163.51,48.02
2024-08-19,163.32,44.85

数据来源：Wind













































































































































































































































































































































































































































































































































































































































































































































































































































































































































































































































