,中国:二手房出售挂牌价指数,中国:二手房出售挂牌量指数,新房销售:全部样本城市:销售价格:当周值,新房销售:全部样本城市:销售面积:当周值
2014-01-05,,,10038.67,12.59
2014-01-12,,,9526.56,12.67
2014-01-19,,,9307.68,11.97
2014-01-26,,,9544.24,12.98
2014-02-02,,,10211.47,3.83
2014-02-09,,,9666.12,2.99
2014-02-16,,,10576.66,8.87
2014-02-23,,,10184.9,12.75
2014-03-02,,,10639.82,12.79
2014-03-09,,,10858.33,10.91
2014-03-16,,,10979.56,11.0
2014-03-23,,,10186.1,11.64
2014-03-30,,,10360.15,13.06
2014-04-06,,,10203.29,11.2
2014-04-13,,,10806.68,10.41
2014-04-20,,,10344.16,11.62
2014-04-27,,,9987.55,13.13
2014-05-04,,,10019.03,10.53
2014-05-11,,,9717.29,11.55
2014-05-18,,,10301.84,11.32
2014-05-25,,,10299.93,10.79
2014-06-01,,,9616.05,12.08
2014-06-08,,,9578.52,8.57
2014-06-15,,,10045.66,10.87
2014-06-22,,,9887.78,10.3
2014-06-29,,,10136.6,12.47
2014-07-06,,,9719.07,11.32
2014-07-13,,,9491.65,10.95
2014-07-20,,,9553.35,11.04
2014-07-27,,,9550.5,11.35
2014-08-03,,,9790.34,11.98
2014-08-10,,,9681.78,10.62
2014-08-17,,,9485.46,11.4
2014-08-24,,,10012.37,11.56
2014-08-31,,,9669.27,13.93
2014-09-07,,,9387.88,10.24
2014-09-14,,,9364.26,10.21
2014-09-21,,,9913.85,12.19
2014-09-28,,,9772.02,14.43
2014-10-05,,,10309.78,9.04
2014-10-12,,,9408.04,12.88
2014-10-19,,,9525.83,15.81
2014-10-26,,,9652.97,17.25
2014-11-02,,,10066.88,18.19
2014-11-09,,,9300.47,13.64
2014-11-16,,,9453.47,16.12
2014-11-23,,,9587.38,15.79
2014-11-30,,,10000.15,17.77
2014-12-07,,,10087.87,15.04
2014-12-14,,,9953.23,16.86
2014-12-21,,,10174.1,17.65
2014-12-28,,,10223.68,18.33
2015-01-04,,,10392.77,13.87
2015-01-05,100.95,70.21,,
2015-01-11,,,9002.78,12.35
2015-01-12,100.72,67.78,,
2015-01-18,,,9232.93,12.08
2015-01-19,100.61,64.93,,
2015-01-25,,,9309.18,12.56
2015-01-26,100.86,61.87,,
2015-02-01,,,12004.59,13.43
2015-02-02,100.97,56.3,,
2015-02-08,,,9464.98,10.3
2015-02-09,101.33,43.29,,
2015-02-15,,,9814.97,11.01
2015-02-16,102.51,14.17,,
2015-02-22,,,10761.0,1.93
2015-02-23,100.59,48.65,,
2015-03-01,,,9789.37,6.1
2015-03-02,100.66,64.13,,
2015-03-08,,,9554.3,9.46
2015-03-09,101.03,66.26,,
2015-03-15,,,9658.14,11.15
2015-03-16,101.82,76.22,,
2015-03-22,,,9490.37,11.41
2015-03-23,101.93,74.06,,
2015-03-29,,,9542.93,12.52
2015-03-30,102.22,82.22,,
2015-04-05,,,9981.92,12.11
2015-04-06,103.3,87.53,,
2015-04-12,,,9837.1,11.11
2015-04-13,104.8,116.48,,
2015-04-19,,,9812.53,14.48
2015-04-20,103.36,95.74,,
2015-04-26,,,9844.08,14.09
2015-04-27,105.38,123.08,,
2015-05-03,,,10560.33,14.11
2015-05-04,103.76,96.24,,
2015-05-10,,,10144.91,14.78
2015-05-11,103.62,90.89,,
2015-05-17,,,10920.46,15.37
2015-05-18,103.43,94.16,,
2015-05-24,,,10769.78,14.83
2015-05-25,103.58,87.37,,
2015-05-31,,,10817.47,16.65
2015-06-01,105.43,122.29,,
2015-06-07,,,10443.59,13.6
2015-06-08,104.49,106.97,,
2015-06-14,,,10645.64,14.98
2015-06-15,104.23,96.81,,
2015-06-21,,,10409.46,14.76
2015-06-22,104.59,94.15,,
2015-06-28,,,11244.0,17.34
2015-06-29,106.16,122.38,,
2015-07-05,,,11220.35,17.6
2015-07-06,106.27,121.6,,
2015-07-12,,,10430.27,14.03
2015-07-13,106.09,118.95,,
2015-07-19,,,10890.2,14.22
2015-07-20,106.06,118.88,,
2015-07-26,,,10586.35,13.71
2015-07-27,108.26,158.97,,
2015-08-02,,,10747.94,16.37
2015-08-03,108.03,148.79,,
2015-08-09,,,9902.64,13.45
2015-08-10,107.47,127.72,,
2015-08-16,,,10016.46,12.81
2015-08-17,107.59,115.43,,
2015-08-23,,,10187.66,14.28
2015-08-24,108.65,145.61,,
2015-08-30,,,10200.71,16.06
2015-08-31,108.41,146.74,,
2015-09-06,,,10287.03,12.41
2015-09-07,108.05,147.96,,
2015-09-13,,,10288.93,13.21
2015-09-14,108.98,171.38,,
2015-09-20,,,10517.53,14.51
2015-09-21,108.78,162.43,,
2015-09-27,,,10576.11,15.43
2015-09-28,108.21,144.2,,
2015-10-04,,,10784.27,13.37
2015-10-05,109.3,145.05,,
2015-10-11,,,10088.86,12.58
2015-10-12,108.99,167.36,,
2015-10-18,,,10209.68,18.59
2015-10-19,109.04,156.84,,
2015-10-25,,,10272.08,17.14
2015-10-26,108.4,158.11,,
2015-11-01,,,10649.28,18.89
2015-11-02,109.44,178.42,,
2015-11-08,,,10465.93,15.11
2015-11-09,109.32,153.06,,
2015-11-15,,,10184.6,16.75
2015-11-16,108.83,159.55,,
2015-11-22,,,10551.1,17.55
2015-11-23,109.79,172.98,,
2015-11-29,,,11139.49,18.02
2015-11-30,110.57,182.92,,
2015-12-06,,,10755.86,17.16
2015-12-07,110.72,167.14,,
2015-12-13,,,10415.39,16.96
2015-12-14,110.86,173.02,,
2015-12-20,,,10793.75,19.91
2015-12-21,111.01,168.86,,
2015-12-27,,,10596.98,19.22
2015-12-28,110.78,197.74,,
2016-01-03,,,11172.95,17.05
2016-01-04,111.09,170.53,,
2016-01-10,,,10583.98,14.14
2016-01-11,111.72,169.29,,
2016-01-17,,,10908.32,13.94
2016-01-18,112.06,159.32,,
2016-01-24,,,10311.31,14.16
2016-01-25,111.56,143.63,,
2016-01-31,,,10528.4,14.72
2016-02-01,112.31,137.88,,
2016-02-07,,,11371.07,8.06
2016-02-08,112.07,106.18,,
2016-02-14,,,10650.37,1.17
2016-02-15,112.33,174.37,,
2016-02-21,,,10203.3,10.15
2016-02-22,113.05,186.52,,
2016-02-28,,,10583.92,16.1
2016-02-29,114.79,239.34,,
2016-03-06,,,10659.29,18.19
2016-03-07,116.4,265.03,,
2016-03-13,,,10895.98,19.72
2016-03-14,115.41,195.48,,
2016-03-20,,,11145.04,19.42
2016-03-21,116.29,222.87,,
2016-03-27,,,11448.76,22.27
2016-03-28,117.17,223.5,,
2016-04-03,,,11201.39,20.71
2016-04-04,117.21,276.37,,
2016-04-10,,,10775.28,16.23
2016-04-11,117.66,246.2,,
2016-04-17,,,10429.53,18.94
2016-04-18,117.34,216.03,,
2016-04-24,,,10372.41,21.85
2016-04-25,118.03,193.96,,
2016-05-01,,,10890.92,21.83
2016-05-02,118.49,197.59,,
2016-05-08,,,11495.85,15.75
2016-05-09,119.06,247.98,,
2016-05-15,,,10736.49,17.42
2016-05-16,118.54,250.98,,
2016-05-22,,,11390.09,17.14
2016-05-23,120.09,192.86,,
2016-05-29,,,11162.77,18.38
2016-05-30,121.93,167.29,,
2016-06-05,,,11099.63,17.55
2016-06-06,122.26,149.54,,
2016-06-12,,,11288.62,13.86
2016-06-13,122.51,149.27,,
2016-06-19,,,10916.5,17.47
2016-06-20,122.9,148.11,,
2016-06-26,,,11635.59,21.0
2016-06-27,122.65,158.63,,
2016-07-03,,,11737.86,20.13
2016-07-04,122.39,169.89,,
2016-07-10,,,11114.08,14.69
2016-07-11,122.59,176.53,,
2016-07-17,,,11191.76,15.63
2016-07-18,123.06,151.47,,
2016-07-24,,,11182.18,17.1
2016-07-25,122.48,140.98,,
2016-07-31,,,11625.43,18.46
2016-08-01,123.14,109.61,,
2016-08-07,,,11364.21,15.19
2016-08-08,123.36,149.49,,
2016-08-14,,,10917.95,16.42
2016-08-15,123.41,156.35,,
2016-08-21,,,11715.61,14.84
2016-08-22,124.21,152.52,,
2016-08-28,,,12412.35,18.2
2016-08-29,125.5,168.99,,
2016-09-04,,,12750.41,19.32
2016-09-05,125.17,160.39,,
2016-09-11,,,11534.97,18.65
2016-09-12,126.83,129.3,,
2016-09-18,,,12142.21,15.95
2016-09-19,127.38,156.72,,
2016-09-25,,,12623.51,24.24
2016-09-26,129.04,153.05,,
2016-10-02,,,13423.98,28.47
2016-10-03,129.55,156.95,,
2016-10-09,,,12587.04,17.35
2016-10-10,129.62,171.23,,
2016-10-16,,,12901.48,22.99
2016-10-17,131.14,146.16,,
2016-10-23,,,12268.15,18.56
2016-10-24,131.78,130.06,,
2016-10-30,,,12210.14,19.83
2016-10-31,133.17,147.45,,
2016-11-06,,,11553.82,17.39
2016-11-07,133.35,170.31,,
2016-11-13,,,11860.11,16.38
2016-11-14,133.68,170.13,,
2016-11-20,,,12868.64,16.55
2016-11-21,133.63,142.21,,
2016-11-27,,,12029.29,16.99
2016-11-28,134.65,165.86,,
2016-12-04,,,12297.93,17.65
2016-12-05,134.76,160.17,,
2016-12-11,,,11748.64,17.37
2016-12-12,134.78,164.4,,
2016-12-18,,,12650.35,17.15
2016-12-19,135.72,135.96,,
2016-12-25,,,12153.53,17.5
2016-12-26,136.64,127.83,,
2017-01-01,,,12229.89,17.68
2017-01-02,136.93,127.63,,
2017-01-08,,,12427.98,14.58
2017-01-09,136.89,116.07,,
2017-01-15,,,11475.94,13.77
2017-01-16,136.07,144.02,,
2017-01-22,,,12485.94,14.57
2017-01-23,135.47,41.86,,
2017-01-29,,,13504.68,5.96
2017-01-30,137.52,73.62,,
2017-02-05,,,13748.73,2.8
2017-02-06,138.39,170.89,,
2017-02-12,,,12390.9,10.39
2017-02-13,140.6,169.94,,
2017-02-19,,,11860.96,12.37
2017-02-20,141.27,198.7,,
2017-02-26,,,11756.15,13.61
2017-02-27,142.8,215.54,,
2017-03-05,,,12385.56,14.38
2017-03-06,143.48,217.47,,
2017-03-12,,,12113.74,13.56
2017-03-13,143.83,226.65,,
2017-03-19,,,11807.34,14.87
2017-03-20,144.27,223.9,,
2017-03-26,,,11998.49,16.89
2017-03-27,145.04,210.42,,
2017-04-02,,,13393.78,20.23
2017-04-03,145.81,221.76,,
2017-04-09,,,12773.15,12.62
2017-04-10,147.17,172.38,,
2017-04-16,,,12846.58,15.52
2017-04-17,151.07,135.36,,
2017-04-23,,,12921.52,17.1
2017-04-24,149.28,158.58,,
2017-04-30,,,13855.29,20.37
2017-05-01,151.51,162.32,,
2017-05-07,,,13354.82,15.16
2017-05-08,152.26,184.81,,
2017-05-14,,,13333.34,14.86
2017-05-15,152.81,157.37,,
2017-05-21,,,13173.91,14.48
2017-05-22,154.72,172.5,,
2017-05-28,,,13056.61,14.89
2017-05-29,155.71,200.83,,
2017-06-04,,,12800.71,11.94
2017-06-05,156.66,185.59,,
2017-06-11,,,12645.91,13.61
2017-06-12,155.96,168.47,,
2017-06-18,,,13081.05,14.19
2017-06-19,157.88,183.02,,
2017-06-25,,,13353.27,13.74
2017-06-26,157.64,173.13,,
2017-07-02,,,14753.17,15.86
2017-07-03,158.73,176.06,,
2017-07-09,,,13918.82,13.28
2017-07-10,156.99,177.58,,
2017-07-16,,,13595.45,13.19
2017-07-17,156.89,195.11,,
2017-07-23,,,13638.17,11.49
2017-07-24,158.22,172.95,,
2017-07-30,,,14070.69,12.72
2017-07-31,159.33,202.18,,
2017-08-06,,,13453.5,15.79
2017-08-07,159.72,183.61,,
2017-08-13,,,13317.8,11.8
2017-08-14,157.96,220.33,,
2017-08-20,,,13502.77,13.25
2017-08-21,158.27,211.15,,
2017-08-27,,,13318.56,12.05
2017-08-28,158.35,253.19,,
2017-09-03,,,14210.02,13.42
2017-09-04,159.48,248.65,,
2017-09-10,,,13943.15,12.58
2017-09-11,160.02,227.31,,
2017-09-17,,,14165.71,13.1
2017-09-18,159.15,246.15,,
2017-09-24,,,14118.14,15.32
2017-09-25,160.5,203.42,,
2017-10-01,,,14181.86,18.27
2017-10-02,161.82,123.29,,
2017-10-08,,,14886.81,6.39
2017-10-09,160.82,234.11,,
2017-10-15,,,13711.83,14.91
2017-10-16,160.61,267.74,,
2017-10-22,,,13931.97,15.07
2017-10-23,161.19,234.42,,
2017-10-29,,,14194.42,16.04
2017-10-30,162.48,240.72,,
2017-11-05,,,14423.08,14.62
2017-11-06,162.71,223.27,,
2017-11-12,,,14513.65,14.24
2017-11-13,163.05,227.88,,
2017-11-19,,,14078.61,13.68
2017-11-20,162.2,232.36,,
2017-11-26,,,14743.61,15.6
2017-11-27,163.65,246.33,,
2017-12-03,,,14058.09,16.28
2017-12-04,163.82,252.23,,
2017-12-10,,,13806.09,17.21
2017-12-11,163.84,223.84,,
2017-12-17,,,13500.69,17.52
2017-12-18,164.55,204.23,,
2017-12-24,,,13647.19,17.15
2017-12-25,165.26,166.68,,
2017-12-31,,,14560.48,18.22
2018-01-01,165.27,221.5,,
2018-01-07,,,14111.67,12.16
2018-01-08,164.89,172.84,,
2018-01-14,,,13144.72,10.29
2018-01-15,164.75,165.81,,
2018-01-21,,,13531.17,10.24
2018-01-22,165.78,142.9,,
2018-01-28,,,13806.44,12.85
2018-01-29,165.69,151.15,,
2018-02-04,,,13902.99,12.07
2018-02-05,165.28,113.37,,
2018-02-11,,,13940.98,11.81
2018-02-12,164.87,86.68,,
2018-02-18,,,14450.85,4.44
2018-02-19,165.47,106.06,,
2018-02-25,,,13828.38,4.41
2018-02-26,167.56,158.51,,
2018-03-04,,,13480.67,10.24
2018-03-05,168.27,163.87,,
2018-03-11,,,13014.55,10.32
2018-03-12,168.35,147.03,,
2018-03-18,,,13668.75,11.65
2018-03-19,169.63,144.52,,
2018-03-25,,,13763.93,13.15
2018-03-26,171.73,210.17,,
2018-04-01,,,13968.58,14.02
2018-04-02,171.47,234.01,,
2018-04-08,,,13937.74,9.9
2018-04-09,171.31,262.91,,
2018-04-15,,,13956.93,13.27
2018-04-16,172.42,209.71,,
2018-04-22,,,13795.95,16.41
2018-04-23,174.41,223.81,,
2018-04-29,,,14251.75,19.25
2018-04-30,174.77,288.07,,
2018-05-06,,,14665.4,15.3
2018-05-07,175.34,268.51,,
2018-05-13,,,14592.8,15.76
2018-05-14,176.84,239.43,,
2018-05-20,,,13588.12,15.32
2018-05-21,176.47,208.52,,
2018-05-27,,,13848.46,14.28
2018-05-28,177.24,255.09,,
2018-06-03,,,13854.69,14.89
2018-06-04,177.42,235.35,,
2018-06-10,,,13990.94,14.05
2018-06-11,179.23,168.27,,
2018-06-17,,,14223.95,14.22
2018-06-18,178.8,157.71,,
2018-06-24,,,14161.01,12.34
2018-06-25,181.27,181.78,,
2018-07-01,,,15561.01,16.43
2018-07-02,181.71,241.07,,
2018-07-08,,,14152.36,12.76
2018-07-09,182.13,214.06,,
2018-07-15,,,14522.17,12.75
2018-07-16,182.69,165.74,,
2018-07-22,,,14896.82,12.66
2018-07-23,181.99,211.38,,
2018-07-29,,,15142.11,14.87
2018-07-30,183.13,285.49,,
2018-08-05,,,15424.13,15.75
2018-08-06,183.71,249.04,,
2018-08-12,,,15216.61,11.26
2018-08-13,183.83,235.14,,
2018-08-19,,,14276.9,12.55
2018-08-20,183.85,220.11,,
2018-08-26,,,15228.14,12.09
2018-08-27,184.46,258.0,,
2018-09-02,,,14901.88,14.12
2018-09-03,184.49,304.83,,
2018-09-09,,,15497.32,12.34
2018-09-10,184.29,234.6,,
2018-09-16,,,14903.03,12.94
2018-09-17,183.87,183.45,,
2018-09-23,,,16229.54,13.39
2018-09-24,184.61,192.23,,
2018-09-30,,,15577.45,13.61
2018-10-01,185.02,258.42,,
2018-10-07,,,15027.15,5.6
2018-10-08,184.35,263.4,,
2018-10-14,,,15956.5,12.59
2018-10-15,184.57,198.15,,
2018-10-21,,,15857.2,12.5
2018-10-22,184.57,155.42,,
2018-10-28,,,15235.31,14.04
2018-10-29,184.41,223.63,,
2018-11-04,,,15553.2,14.27
2018-11-05,183.7,225.26,,
2018-11-11,,,15376.12,13.72
2018-11-12,183.36,186.57,,
2018-11-18,,,15581.79,15.11
2018-11-19,183.23,221.11,,
2018-11-25,,,14937.59,14.38
2018-11-26,183.52,191.04,,
2018-12-02,,,15024.43,15.27
2018-12-03,183.44,213.53,,
2018-12-09,,,15176.84,14.23
2018-12-10,182.58,224.17,,
2018-12-16,,,15542.82,15.67
2018-12-17,182.19,200.15,,
2018-12-23,,,15994.22,15.35
2018-12-24,181.89,176.78,,
2018-12-30,,,17309.35,16.85
2018-12-31,181.1,247.95,,
2019-01-06,,,19043.13,8.55
2019-01-07,180.61,233.42,,
2019-01-13,,,17192.59,11.97
2019-01-14,180.69,186.37,,
2019-01-20,,,16874.63,11.82
2019-01-21,180.81,139.66,,
2019-01-27,,,15792.05,11.34
2019-01-28,181.35,117.51,,
2019-02-03,,,17283.77,9.65
2019-02-04,180.98,86.03,,
2019-02-10,,,17023.87,0.34
2019-02-11,181.39,223.06,,
2019-02-17,,,16254.8,6.78
2019-02-18,181.71,201.33,,
2019-02-24,,,16027.81,10.14
2019-02-25,181.92,230.75,,
2019-03-03,,,16899.17,10.91
2019-03-04,182.13,200.67,,
2019-03-10,,,16035.19,11.41
2019-03-11,182.66,185.0,,
2019-03-17,,,16070.19,11.71
2019-03-18,182.75,183.07,,
2019-03-24,,,16512.52,15.05
2019-03-25,182.83,157.01,,
2019-03-31,,,17632.64,16.37
2019-04-01,182.97,211.34,,
2019-04-07,,,17615.7,9.88
2019-04-08,183.58,171.72,,
2019-04-14,,,16691.21,13.51
2019-04-15,183.27,191.47,,
2019-04-21,,,17105.7,12.52
2019-04-22,183.52,154.95,,
2019-04-28,,,17192.8,13.87
2019-04-29,183.71,211.48,,
2019-05-05,,,18274.98,9.28
2019-05-06,183.6,238.5,,
2019-05-12,,,16575.39,12.89
2019-05-13,183.69,187.67,,
2019-05-19,,,16482.35,12.48
2019-05-20,183.7,176.28,,
2019-05-26,,,15660.58,13.92
2019-05-27,184.31,218.59,,
2019-06-02,,,15957.64,16.08
2019-06-03,184.28,232.33,,
2019-06-09,,,16400.49,11.36
2019-06-10,184.38,197.13,,
2019-06-16,,,16347.78,14.65
2019-06-17,184.36,177.11,,
2019-06-23,,,16812.83,14.83
2019-06-24,184.43,177.05,,
2019-06-30,,,18235.89,16.8
2019-07-01,184.6,272.06,,
2019-07-07,,,16748.1,12.6
2019-07-08,184.81,179.02,,
2019-07-14,,,16189.29,12.62
2019-07-15,185.21,138.83,,
2019-07-21,,,16961.36,13.4
2019-07-22,185.07,138.38,,
2019-07-28,,,17099.73,13.59
2019-07-29,185.12,182.34,,
2019-08-04,,,17079.83,13.47
2019-08-05,184.73,214.25,,
2019-08-11,,,16520.47,11.69
2019-08-12,185.02,185.17,,
2019-08-18,,,17698.58,11.46
2019-08-19,185.16,145.37,,
2019-08-25,,,16989.3,11.92
2019-08-26,185.8,212.37,,
2019-09-01,,,17759.75,13.38
2019-09-02,186.35,182.8,,
2019-09-08,,,17487.27,11.4
2019-09-09,185.67,119.57,,
2019-09-15,,,17160.45,10.71
2019-09-16,185.7,128.51,,
2019-09-22,,,17499.09,13.3
2019-09-23,185.58,130.46,,
2019-09-29,,,17479.49,16.23
2019-09-30,185.36,156.35,,
2019-10-06,,,19453.78,6.26
2019-10-07,185.4,139.68,,
2019-10-13,,,17195.51,11.58
2019-10-14,185.24,138.31,,
2019-10-20,,,16360.96,13.46
2019-10-21,185.16,140.55,,
2019-10-27,,,16934.29,12.88
2019-10-28,185.16,172.18,,
2019-11-03,,,17636.44,12.84
2019-11-04,185.18,180.69,,
2019-11-10,,,17547.13,11.64
2019-11-11,185.08,164.02,,
2019-11-17,,,16982.31,11.35
2019-11-18,184.89,144.19,,
2019-11-24,,,16654.09,11.62
2019-11-25,184.89,131.45,,
2019-12-01,,,20203.73,15.25
2019-12-02,185.72,139.04,,
2019-12-08,,,18279.75,11.84
2019-12-09,185.69,114.59,,
2019-12-15,,,18327.59,12.54
2019-12-16,185.64,100.21,,
2019-12-22,,,17249.38,13.34
2019-12-23,185.64,90.09,,
2019-12-29,,,17918.74,14.39
2019-12-30,185.79,128.35,,
2020-01-05,,,18332.44,12.1
2020-01-06,185.87,122.48,,
2020-01-12,,,18296.36,12.57
2020-01-13,185.97,116.76,,
2020-01-19,,,18339.6,13.01
2020-01-20,185.88,73.97,,
2020-01-26,,,18527.78,5.05
2020-01-27,185.76,56.81,,
2020-02-02,,,18967.62,0.21
2020-02-03,185.83,71.38,,
2020-02-09,,,16756.33,0.37
2020-02-10,185.98,74.7,,
2020-02-16,,,17311.73,1.58
2020-02-17,186.17,83.79,,
2020-02-23,,,20711.32,2.91
2020-02-24,186.16,111.18,,
2020-03-01,,,19728.55,5.57
2020-03-02,186.38,131.33,,
2020-03-08,,,16998.08,7.51
2020-03-09,186.45,132.62,,
2020-03-15,,,17125.21,8.87
2020-03-16,186.48,136.62,,
2020-03-22,,,16991.13,10.03
2020-03-23,186.55,140.62,,
2020-03-29,,,16865.12,10.88
2020-03-30,186.67,137.96,,
2020-04-05,,,16548.55,11.03
2020-04-06,186.75,141.55,,
2020-04-12,,,16855.91,10.55
2020-04-13,186.8,141.81,,
2020-04-19,,,16882.07,12.51
2020-04-20,186.96,134.41,,
2020-04-26,,,16937.99,13.8
2020-04-27,187.02,139.49,,
2020-05-03,,,17452.4,12.17
2020-05-04,187.13,143.93,,
2020-05-10,,,17910.73,12.0
2020-05-11,187.16,165.69,,
2020-05-17,,,16849.32,14.44
2020-05-18,187.31,157.19,,
2020-05-24,,,17880.58,15.32
2020-05-25,187.38,154.66,,
2020-05-31,,,17999.91,17.46
2020-06-01,187.8,172.72,,
2020-06-07,,,17298.89,15.29
2020-06-08,187.86,169.25,,
2020-06-14,,,17803.54,14.4
2020-06-15,187.87,165.86,,
2020-06-21,,,17990.37,15.74
2020-06-22,187.98,150.45,,
2020-06-28,,,17857.08,18.46
2020-06-29,188.42,167.07,,
2020-07-05,,,17896.61,19.23
2020-07-06,188.5,155.47,,
2020-07-12,,,17966.53,15.21
2020-07-13,188.65,162.29,,
2020-07-19,,,17965.24,15.39
2020-07-20,188.74,160.79,,
2020-07-26,,,18125.49,15.11
2020-07-27,188.97,141.25,,
2020-08-02,,,18743.61,16.0
2020-08-03,189.3,158.33,,
2020-08-09,,,17842.89,15.47
2020-08-10,189.46,145.43,,
2020-08-16,,,17616.93,16.32
2020-08-17,189.55,144.42,,
2020-08-23,,,18467.82,16.04
2020-08-24,189.68,139.17,,
2020-08-30,,,18087.99,17.16
2020-08-31,189.83,180.34,,
2020-09-06,,,17985.73,14.08
2020-09-07,189.89,154.29,,
2020-09-13,,,17713.65,14.81
2020-09-14,189.93,150.24,,
2020-09-20,,,17602.77,15.03
2020-09-21,189.89,143.41,,
2020-09-27,,,17226.63,18.4
2020-09-28,189.99,137.55,,
2020-10-04,,,17326.07,13.43
2020-10-05,190.18,139.34,,
2020-10-11,,,17799.09,9.91
2020-10-12,190.29,141.39,,
2020-10-18,,,17958.74,16.79
2020-10-19,190.36,137.79,,
2020-10-25,,,17991.7,17.41
2020-10-26,190.49,129.21,,
2020-11-01,,,17708.51,19.02
2020-11-02,190.82,141.82,,
2020-11-08,,,17656.19,16.17
2020-11-09,190.87,138.42,,
2020-11-15,,,17365.1,15.46
2020-11-16,190.77,141.38,,
2020-11-22,,,17368.96,15.68
2020-11-23,190.93,127.87,,
2020-11-29,,,17218.15,16.35
2020-11-30,191.26,137.62,,
2020-12-06,,,16963.95,15.04
2020-12-07,191.38,136.1,,
2020-12-13,,,16744.99,15.45
2020-12-14,191.49,119.88,,
2020-12-20,,,17034.5,14.53
2020-12-21,191.73,96.58,,
2020-12-27,,,18272.25,16.81
2020-12-28,191.81,74.96,,
2021-01-03,,,18239.03,17.71
2021-01-04,192.4,106.51,,
2021-01-10,,,17950.21,16.89
2021-01-11,192.5,101.25,,
2021-01-17,,,17747.97,15.65
2021-01-18,192.69,83.52,,
2021-01-24,,,17885.24,14.7
2021-01-25,192.84,77.13,,
2021-01-31,,,17997.73,17.18
2021-02-01,193.46,39.84,,
2021-02-07,,,18026.62,17.01
2021-02-08,193.24,15.6,,
2021-02-14,,,17184.15,4.72
2021-02-15,193.86,32.27,,
2021-02-21,,,17199.38,6.12
2021-02-22,194.04,58.81,,
2021-02-28,,,17678.63,16.17
2021-03-01,194.3,68.39,,
2021-03-07,,,17522.62,15.61
2021-03-08,194.13,73.97,,
2021-03-14,,,17557.86,15.13
2021-03-15,194.18,74.77,,
2021-03-21,,,17323.47,16.8
2021-03-22,194.15,76.17,,
2021-03-28,,,17298.34,17.34
2021-03-29,194.74,76.97,,
2021-04-04,,,17477.77,16.54
2021-04-05,195.26,82.22,,
2021-04-11,,,17045.18,14.42
2021-04-12,195.56,81.26,,
2021-04-18,,,17359.44,16.91
2021-04-19,195.68,78.1,,
2021-04-25,,,17290.36,16.08
2021-04-26,196.06,74.85,,
2021-05-02,,,17560.63,16.25
2021-05-03,196.93,75.86,,
2021-05-09,,,17450.04,13.51
2021-05-10,197.09,76.07,,
2021-05-16,,,17376.97,16.61
2021-05-17,197.2,71.35,,
2021-05-23,,,17389.95,14.48
2021-05-24,197.08,77.01,,
2021-05-30,,,17630.6,15.36
2021-05-31,198.17,82.87,,
2021-06-06,,,17954.55,16.95
2021-06-07,198.39,80.71,,
2021-06-13,,,17934.99,14.89
2021-06-14,198.62,76.43,,
2021-06-20,,,17807.09,12.99
2021-06-21,198.66,78.69,,
2021-06-27,,,17458.31,16.72
2021-06-28,199.45,76.55,,
2021-07-04,,,17964.46,17.06
2021-07-05,199.73,77.09,,
2021-07-11,,,17377.51,14.42
2021-07-12,199.77,74.73,,
2021-07-18,,,16563.6,13.32
2021-07-19,199.6,73.0,,
2021-07-25,,,16599.87,11.99
2021-07-26,199.57,70.05,,
2021-08-01,,,17670.62,10.17
2021-08-02,200.15,72.33,,
2021-08-08,,,16519.2,11.37
2021-08-09,199.81,82.84,,
2021-08-15,,,16554.29,11.2
2021-08-16,200.02,83.27,,
2021-08-22,,,16403.11,10.7
2021-08-23,200.03,81.93,,
2021-08-29,,,16352.15,12.75
2021-08-30,200.11,77.8,,
2021-09-05,,,16471.43,11.6
2021-09-06,199.79,84.94,,
2021-09-12,,,15791.33,11.26
2021-09-13,199.67,75.79,,
2021-09-19,,,15773.76,12.29
2021-09-20,199.57,64.33,,
2021-09-26,,,15831.01,9.09
2021-09-27,199.86,12.67,,
2021-10-03,,,16901.08,11.03
2021-10-04,199.82,4.69,,
2021-10-10,,,16632.77,6.07
2021-10-11,199.22,60.79,,
2021-10-17,,,16037.21,12.01
2021-10-18,199.01,54.72,,
2021-10-24,,,16014.63,10.84
2021-10-25,198.89,62.06,,
2021-10-31,,,16653.61,11.96
2021-11-01,198.44,63.34,,
2021-11-07,,,15944.12,9.28
2021-11-08,198.23,57.89,,
2021-11-14,,,15968.45,8.94
2021-11-15,198.31,64.33,,
2021-11-21,,,14887.54,9.79
2021-11-22,198.07,61.62,,
2021-11-28,,,15177.9,10.33
2021-11-29,197.66,61.69,,
2021-12-05,,,15672.69,10.79
2021-12-06,197.51,62.46,,
2021-12-12,,,16240.61,11.04
2021-12-13,197.34,65.51,,
2021-12-19,,,15727.5,11.19
2021-12-20,197.26,64.67,,
2021-12-26,,,16126.28,12.33
2021-12-27,197.07,67.54,,
2022-01-02,,,16417.26,11.86
2022-01-03,196.62,62.97,,
2022-01-09,,,16472.51,7.67
2022-01-10,196.69,54.85,,
2022-01-16,,,15455.78,9.86
2022-01-17,196.8,44.9,,
2022-01-23,,,15732.52,8.47
2022-01-24,196.56,28.46,,
2022-01-30,,,16376.2,9.93
2022-01-31,196.49,13.1,,
2022-02-06,,,15476.43,0.81
2022-02-07,196.3,70.53,,
2022-02-13,,,15311.4,6.47
2022-02-14,196.33,72.15,,
2022-02-20,,,15009.55,8.39
2022-02-21,196.24,73.51,,
2022-02-27,,,15492.25,9.2
2022-03-06,,,15595.96,8.03
2022-03-07,195.72,73.25,,
2022-03-13,,,15516.37,7.39
2022-03-14,195.5,56.23,,
2022-03-20,,,16158.95,6.97
2022-03-21,195.35,45.87,,
2022-03-27,,,15266.38,8.23
2022-03-28,194.7,53.43,,
2022-04-03,,,15886.19,8.58
2022-04-04,194.31,49.81,,
2022-04-10,,,15852.53,4.15
2022-04-11,194.18,53.62,,
2022-04-17,,,15972.38,6.37
2022-04-18,194.11,53.71,,
2022-04-24,,,16503.44,6.52
2022-04-25,193.88,52.39,,
2022-05-01,,,16413.77,6.51
2022-05-02,193.49,53.92,,
2022-05-08,,,16013.39,4.06
2022-05-09,193.43,54.72,,
2022-05-15,,,15103.7,6.76
2022-05-16,193.45,53.27,,
2022-05-22,,,15451.0,7.12
2022-05-23,193.36,51.36,,
2022-05-29,,,16790.07,8.14
2022-05-30,193.18,44.72,,
2022-06-05,,,16359.16,6.99
2022-06-06,192.95,53.4,,
2022-06-12,,,15751.27,8.81
2022-06-13,192.79,51.11,,
2022-06-19,,,16054.53,11.89
2022-06-20,192.74,50.25,,
2022-06-26,,,15252.48,13.03
2022-06-27,192.66,48.96,,
2022-07-03,,,15848.28,14.8
2022-07-04,192.45,46.09,,
2022-07-10,,,15569.71,8.7
2022-07-11,192.43,44.15,,
2022-07-17,,,15583.02,7.66
2022-07-18,192.34,43.16,,
2022-07-24,,,15565.74,7.78
2022-07-25,192.19,43.24,,
2022-07-31,,,15615.26,9.39
2022-08-01,191.83,44.54,,
2022-08-07,,,15036.32,7.06
2022-08-08,191.75,44.7,,
2022-08-14,,,15624.34,6.39
2022-08-15,191.73,41.45,,
2022-08-21,,,15560.17,7.8
2022-08-22,191.7,44.08,,
2022-08-28,,,15843.75,8.21
2022-08-29,191.45,44.28,,
2022-09-04,,,15243.94,8.05
2022-09-05,191.06,42.04,,
2022-09-11,,,14935.36,5.71
2022-09-12,190.99,47.54,,
2022-09-18,,,15310.8,6.47
2022-09-19,190.89,45.32,,
2022-09-25,,,15008.93,9.71
2022-09-26,190.63,45.94,,
2022-10-02,,,15116.49,11.06
2022-10-03,190.16,41.5,,
2022-10-09,,,15208.17,3.72
2022-10-10,189.95,44.89,,
2022-10-16,,,15177.9,7.95
2022-10-17,189.83,43.81,,
2022-10-23,,,15585.59,8.41
2022-10-24,189.8,42.66,,
2022-10-30,,,15064.74,9.26
2022-10-31,189.28,39.51,,
2022-11-06,,,15092.33,7.03
2022-11-07,189.25,36.79,,
2022-11-13,,,14416.21,6.26
2022-11-14,189.08,34.32,,
2022-11-20,,,15469.24,7.38
2022-11-21,188.85,29.49,,
2022-11-27,,,15870.12,7.48
2022-11-28,188.33,30.2,,
2022-12-04,,,16235.03,7.43
2022-12-05,187.89,32.52,,
2022-12-11,,,15917.48,7.87
2022-12-12,187.69,25.03,,
2022-12-18,,,15306.06,7.95
2022-12-19,187.35,17.36,,
2022-12-25,,,16480.81,7.22
2022-12-26,187.1,23.36,,
2023-01-01,,,17129.42,9.89
2023-01-02,185.51,37.24,,
2023-01-08,,,15635.33,6.69
2023-01-09,185.24,33.81,,
2023-01-15,,,15966.62,8.43
2023-01-16,185.34,16.91,,
2023-01-22,,,16581.86,4.84
2023-01-23,186.28,21.04,,
2023-01-29,,,16189.17,1.78
2023-01-30,186.27,60.59,,
2023-02-05,,,15718.07,6.48
2023-02-06,186.96,67.07,,
2023-02-12,,,15405.47,7.95
2023-02-13,187.57,67.15,,
2023-02-19,,,15219.97,9.23
2023-02-20,187.68,43.36,,
2023-02-26,,,15224.73,11.16
2023-02-27,187.42,55.06,,
2023-03-05,,,15883.48,9.67
2023-03-06,187.26,51.99,,
2023-03-12,,,15803.11,9.54
2023-03-13,187.32,51.08,,
2023-03-19,,,16067.0,9.9
2023-03-20,187.35,48.84,,
2023-03-26,,,15917.81,11.43
2023-03-27,187.27,53.52,,
2023-04-02,,,16551.81,12.14
2023-04-03,186.97,46.93,,
2023-04-09,,,15819.02,7.93
2023-04-10,186.84,46.14,,
2023-04-16,,,15896.67,8.27
2023-04-17,186.65,43.95,,
2023-04-23,,,16327.65,9.01
2023-04-24,186.41,42.07,,
2023-04-30,,,17642.03,8.89
2023-05-01,186.26,38.29,,
2023-05-07,,,17091.83,5.3
2023-05-08,186.04,43.59,,
2023-05-14,,,16624.64,7.52
2023-05-15,185.77,39.94,,
2023-05-21,,,16749.79,7.73
2023-05-22,185.58,38.08,,
2023-05-28,,,16848.11,7.72
2023-05-29,185.29,37.84,,
2023-06-04,,,17239.28,7.81
2023-06-05,184.99,39.03,,
2023-06-11,,,17137.3,6.67
2023-06-12,185.06,35.42,,
2023-06-18,,,16914.61,6.8
2023-06-19,185.02,31.81,,
2023-06-25,,,16870.56,6.66
2023-06-26,184.15,38.86,,
2023-07-02,,,17870.72,11.34
2023-07-03,184.37,33.04,,
2023-07-09,,,16612.62,5.36
2023-07-10,184.21,34.38,,
2023-07-16,,,15958.31,4.98
2023-07-17,184.1,34.93,,
2023-07-23,,,16211.47,5.29
2023-07-24,183.89,32.79,,
2023-07-30,,,16554.31,6.06
2023-07-31,183.6,34.72,,
2023-08-06,,,16321.13,4.12
2023-08-07,183.32,35.23,,
2023-08-13,,,16026.68,4.6
2023-08-14,183.26,34.75,,
2023-08-20,,,16390.45,5.52
2023-08-21,183.2,33.37,,
2023-08-27,,,16962.79,6.18
2023-08-28,182.75,39.37,,
2023-09-03,,,16926.56,5.62
2023-09-04,182.39,41.29,,
2023-09-10,,,16254.76,4.62
2023-09-11,182.25,43.32,,
2023-09-17,,,16713.21,5.08
2023-09-18,182.06,41.58,,
2023-09-24,,,16080.81,6.76
2023-09-25,181.69,35.76,,
2023-10-01,,,17085.85,7.84
2023-10-02,180.61,37.68,,
2023-10-08,,,16498.7,2.65
2023-10-09,180.24,42.22,,
2023-10-15,,,16317.58,6.68
2023-10-16,179.97,44.38,,
2023-10-22,,,17187.08,6.7
2023-10-23,179.68,39.08,,
2023-10-29,,,17215.38,7.41
2023-10-30,178.93,45.23,,
2023-11-05,,,16704.41,6.17
2023-11-06,178.29,44.07,,
2023-11-12,,,16685.01,5.41
2023-11-13,178.07,44.41,,
2023-11-19,,,16837.94,5.98
2023-11-20,177.95,44.43,,
2023-11-26,,,16527.49,6.14
2023-11-27,177.38,42.96,,
2023-12-03,,,17223.51,6.2
2023-12-04,176.53,45.68,,
2023-12-10,,,16302.14,5.99
2023-12-11,176.33,42.31,,
2023-12-17,,,16447.56,5.65
2023-12-18,176.17,36.69,,
2023-12-24,,,16767.84,7.63
2023-12-25,176.0,36.57,,
2023-12-31,,,17063.21,8.63
2024-01-01,175.02,38.6,,
2024-01-07,,,16462.53,4.01
2024-01-08,174.96,36.82,,
2024-01-14,,,16251.81,4.31
2024-01-15,174.9,35.66,,
2024-01-21,,,15877.54,4.26
2024-01-22,174.85,32.46,,
2024-01-28,,,16238.6,5.09
2024-01-29,174.4,27.53,,
2024-02-04,,,16689.85,4.83
2024-02-05,174.28,12.19,,
2024-02-11,,,16774.46,2.4
2024-02-12,174.14,21.99,,
2024-02-18,,,16042.84,0.92
2024-02-19,173.64,51.52,,
2024-02-25,,,15894.01,3.63
2024-02-26,173.04,56.9,,
2024-03-03,,,16316.33,5.13
2024-03-04,172.35,57.13,,
2024-03-10,,,15743.52,3.8
2024-03-11,172.2,54.6,,
2024-03-17,,,16167.63,4.91
2024-03-18,171.96,52.8,,
2024-03-24,,,17738.51,6.73
2024-03-25,171.76,49.07,,
2024-03-31,,,18831.25,9.34
2024-04-01,170.55,39.05,,
2024-04-07,,,17270.1,4.0
2024-04-08,170.47,42.42,,
2024-04-14,,,16616.25,5.4
2024-04-15,170.18,40.26,,
2024-04-21,,,15821.46,4.62
2024-04-22,169.92,39.74,,
2024-04-28,,,16729.97,5.82
2024-04-29,169.17,33.54,,
2024-05-05,,,16913.63,3.26
2024-05-06,168.57,41.74,,
2024-05-12,,,16409.88,5.44
2024-05-13,168.38,36.76,,
2024-05-19,,,16315.89,5.06
2024-05-20,168.3,43.47,,
2024-05-26,,,16240.63,6.56
2024-05-27,168.01,44.59,,
2024-06-02,,,16531.99,6.93
2024-06-03,166.94,45.27,,
2024-06-09,,,16064.62,4.87
2024-06-10,166.84,45.32,,
2024-06-16,,,16285.71,5.05
2024-06-17,166.64,44.11,,
2024-06-23,,,16221.56,6.22
2024-06-24,166.51,47.79,,
2024-06-30,,,17439.53,10.72
2024-07-01,165.44,49.88,,
2024-07-07,,,15881.15,4.96
2024-07-08,165.24,47.87,,
2024-07-14,,,15784.67,4.72
2024-07-15,165.06,47.52,,
2024-07-21,,,15564.8,4.62
2024-07-22,164.89,49.8,,
2024-07-28,,,15923.75,5.26
2024-07-29,164.26,48.23,,
2024-08-04,,,15881.28,4.83
2024-08-05,163.61,47.92,,
2024-08-12,163.51,48.02,,
2024-08-19,163.32,44.85,,
